{ "columns":0,
 "grid":
    {
     "height":1,
     "orientation":"orthogonal",
     "width":1
    },
 "margin":0,
 "name":"BarWindow",
 "properties":[
        {
         "name":"path",
         "type":"string",
         "value":".\/BarWindow.png"
        }],
 "spacing":0,
 "tilecount":1,
 "tiledversion":"1.10.2",
 "tileheight":525,
 "tiles":[
        {
         "id":0,
         "image":"BarWindow.png",
         "imageheight":525,
         "imagewidth":188
        }],
 "tilewidth":188,
 "type":"tileset",
 "version":"1.10"
}