{ "columns":0,
 "grid":
    {
     "height":1,
     "orientation":"orthogonal",
     "width":1
    },
 "margin":0,
 "name":"btn2",
 "spacing":0,
 "tilecount":6,
 "tiledversion":"1.10.2",
 "tileheight":70,
 "tiles":[
        {
         "animation":[
                {
                 "duration":150,
                 "tileid":0
                }, 
                {
                 "duration":150,
                 "tileid":3
                }],
         "id":0,
         "image":"Btn_V07.png",
         "imageheight":70,
         "imagewidth":365,
         "properties":[
                {
                 "name":"path",
                 "type":"string",
                 "value":"."
                }]
        }, 
        {
         "animation":[
                {
                 "duration":150,
                 "tileid":1
                }, 
                {
                 "duration":150,
                 "tileid":4
                }],
         "id":1,
         "image":"Btn_V08.png",
         "imageheight":70,
         "imagewidth":365,
         "properties":[
                {
                 "name":"path",
                 "type":"string",
                 "value":"\/Btn_V08.png"
                }]
        }, 
        {
         "animation":[
                {
                 "duration":150,
                 "tileid":2
                }, 
                {
                 "duration":150,
                 "tileid":5
                }],
         "id":2,
         "image":"Btn_V09.png",
         "imageheight":70,
         "imagewidth":365,
         "properties":[
                {
                 "name":"path",
                 "type":"string",
                 "value":"\/Btn_V09.png"
                }]
        }, 
        {
         "id":3,
         "image":"Btn_V10.png",
         "imageheight":70,
         "imagewidth":365,
         "properties":[
                {
                 "name":"path",
                 "type":"string",
                 "value":"\/Btn_V10.png"
                }]
        }, 
        {
         "id":4,
         "image":"Btn_V11.png",
         "imageheight":70,
         "imagewidth":365,
         "properties":[
                {
                 "name":"path",
                 "type":"string",
                 "value":"\/Btn_V11.png"
                }]
        }, 
        {
         "id":5,
         "image":"Btn_V12.png",
         "imageheight":70,
         "imagewidth":365,
         "properties":[
                {
                 "name":"path",
                 "type":"string",
                 "value":"\/Btn_V12.png"
                }]
        }],
 "tilewidth":365,
 "type":"tileset",
 "version":"1.10"
}