{ "columns":0,
 "grid":
    {
     "height":16,
     "orientation":"orthogonal",
     "width":16
    },
 "margin":0,
 "name":"btn2",
 "spacing":0,
 "tilecount":6,
 "tiledversion":"1.10.2",
 "tileheight":67,
 "tiles":[
        {
         "animation":[
                {
                 "duration":100,
                 "tileid":0
                }, 
                {
                 "duration":100,
                 "tileid":1
                }],
         "id":0,
         "image":"Btn_V01.png",
         "imageheight":67,
         "imagewidth":366
        }, 
        {
         "id":1,
         "image":"Btn_V05.png",
         "imageheight":67,
         "imagewidth":366
        }, 
        {
         "animation":[
                {
                 "duration":100,
                 "tileid":2
                }, 
                {
                 "duration":100,
                 "tileid":3
                }],
         "id":2,
         "image":"Btn_V02.png",
         "imageheight":67,
         "imagewidth":366
        }, 
        {
         "id":3,
         "image":"Btn_V06.png",
         "imageheight":67,
         "imagewidth":366
        }, 
        {
         "animation":[
                {
                 "duration":100,
                 "tileid":4
                }, 
                {
                 "duration":100,
                 "tileid":5
                }],
         "id":4,
         "image":"Btn_V03.png",
         "imageheight":67,
         "imagewidth":366
        }, 
        {
         "id":5,
         "image":"Btn_V04.png",
         "imageheight":67,
         "imagewidth":366
        }],
 "tilewidth":366,
 "type":"tileset",
 "version":"1.10"
}