{ "columns":2,
 "grid":
    {
     "height":16,
     "orientation":"orthogonal",
     "width":16
    },
 "margin":0,
 "name":"btn3",
 "spacing":0,
 "tilecount":6,
 "tiledversion":"1.10.2",
 "tileheight":55,
 "tiles":[
        {
         "animation":[
                {
                 "duration":100,
                 "tileid":6
                }, 
                {
                 "duration":100,
                 "tileid":7
                }],
         "id":6,
         "image":"Btn_V13.png",
         "imageheight":55,
         "imagewidth":241
        }, 
        {
         "id":7,
         "image":"Btn_V18.png",
         "imageheight":55,
         "imagewidth":241
        }, 
        {
         "animation":[
                {
                 "duration":100,
                 "tileid":9
                }, 
                {
                 "duration":100,
                 "tileid":10
                }],
         "id":9,
         "image":"Btn_V15.png",
         "imageheight":55,
         "imagewidth":241
        }, 
        {
         "id":10,
         "image":"Btn_V16.png",
         "imageheight":55,
         "imagewidth":241
        }, 
        {
         "animation":[
                {
                 "duration":100,
                 "tileid":11
                }, 
                {
                 "duration":100,
                 "tileid":12
                }],
         "id":11,
         "image":"Btn_V14.png",
         "imageheight":55,
         "imagewidth":241
        }, 
        {
         "id":12,
         "image":"Btn_V17.png",
         "imageheight":55,
         "imagewidth":241
        }],
 "tilewidth":241,
 "type":"tileset",
 "version":"1.10"
}