{ "columns":0,
 "grid":
    {
     "height":1,
     "orientation":"orthogonal",
     "width":1
    },
 "margin":0,
 "name":"btn3",
 "spacing":0,
 "tilecount":6,
 "tiledversion":"1.10.2",
 "tileheight":55,
 "tiles":[
        {
         "animation":[
                {
                 "duration":150,
                 "tileid":0
                }, 
                {
                 "duration":150,
                 "tileid":5
                }],
         "id":0,
         "image":"Btn_V13.png",
         "imageheight":55,
         "imagewidth":241,
         "properties":[
                {
                 "name":"path",
                 "type":"string",
                 "value":"\/Btn_V13.png"
                }]
        }, 
        {
         "animation":[
                {
                 "duration":150,
                 "tileid":1
                }, 
                {
                 "duration":150,
                 "tileid":4
                }],
         "id":1,
         "image":"Btn_V14.png",
         "imageheight":55,
         "imagewidth":241,
         "properties":[
                {
                 "name":"path",
                 "type":"string",
                 "value":"\/Btn_V14.png"
                }]
        }, 
        {
         "animation":[
                {
                 "duration":150,
                 "tileid":2
                }, 
                {
                 "duration":150,
                 "tileid":3
                }],
         "id":2,
         "image":"Btn_V15.png",
         "imageheight":55,
         "imagewidth":241,
         "properties":[
                {
                 "name":"path",
                 "type":"string",
                 "value":"\/Btn_V15.png"
                }]
        }, 
        {
         "id":3,
         "image":"Btn_V16.png",
         "imageheight":55,
         "imagewidth":241,
         "properties":[
                {
                 "name":"path",
                 "type":"string",
                 "value":"\/Btn_V16.png"
                }]
        }, 
        {
         "id":4,
         "image":"Btn_V17.png",
         "imageheight":55,
         "imagewidth":241,
         "properties":[
                {
                 "name":"path",
                 "type":"string",
                 "value":"\/Btn_V17.png"
                }]
        }, 
        {
         "id":5,
         "image":"Btn_V18.png",
         "imageheight":55,
         "imagewidth":241,
         "properties":[
                {
                 "name":"path",
                 "type":"string",
                 "value":"\/Btn_V18.png"
                }]
        }],
 "tilewidth":241,
 "type":"tileset",
 "version":"1.10"
}