{ "columns":0,
 "grid":
    {
     "height":1,
     "orientation":"orthogonal",
     "width":1
    },
 "margin":0,
 "name":"btn4",
 "spacing":0,
 "tilecount":2,
 "tiledversion":"1.10.2",
 "tileheight":58,
 "tiles":[
        {
         "animation":[
                {
                 "duration":150,
                 "tileid":0
                }, 
                {
                 "duration":150,
                 "tileid":1
                }],
         "id":0,
         "image":"Btn_V19.png",
         "imageheight":58,
         "imagewidth":259,
         "properties":[
                {
                 "name":"path",
                 "type":"string",
                 "value":".\/Btn_V19.png"
                }]
        }, 
        {
         "id":1,
         "image":"Btn_V20.png",
         "imageheight":58,
         "imagewidth":259,
         "properties":[
                {
                 "name":"path",
                 "type":"string",
                 "value":".\/Btn_V20.png"
                }]
        }],
 "tilewidth":259,
 "type":"tileset",
 "version":"1.10"
}