{ "columns":0,
 "grid":
    {
     "height":1,
     "orientation":"orthogonal",
     "width":1
    },
 "margin":0,
 "name":"btnCheck",
 "spacing":0,
 "tilecount":6,
 "tiledversion":"1.10.2",
 "tileheight":50,
 "tiles":[
        {
         "animation":[
                {
                 "duration":150,
                 "tileid":0
                }, 
                {
                 "duration":150,
                 "tileid":1
                }],
         "id":0,
         "image":"Checked_01.png",
         "imageheight":50,
         "imagewidth":50,
         "properties":[
                {
                 "name":"path",
                 "type":"string",
                 "value":".\/Checked_01.png"
                }]
        }, 
        {
         "animation":[
                {
                 "duration":150,
                 "tileid":1
                }, 
                {
                 "duration":150,
                 "tileid":0
                }],
         "id":1,
         "image":"Checked_02.png",
         "imageheight":50,
         "imagewidth":50,
         "properties":[
                {
                 "name":"path",
                 "type":"string",
                 "value":".\/Checked_02.png"
                }]
        }, 
        {
         "animation":[
                {
                 "duration":150,
                 "tileid":2
                }, 
                {
                 "duration":150,
                 "tileid":3
                }],
         "id":2,
         "image":"Checked_03.png",
         "imageheight":50,
         "imagewidth":50,
         "properties":[
                {
                 "name":"path",
                 "type":"string",
                 "value":".\/Checked_03.png"
                }]
        }, 
        {
         "animation":[
                {
                 "duration":150,
                 "tileid":3
                }, 
                {
                 "duration":150,
                 "tileid":2
                }],
         "id":3,
         "image":"Checked_04.png",
         "imageheight":50,
         "imagewidth":50,
         "properties":[
                {
                 "name":"path",
                 "type":"string",
                 "value":".\/Checked_04.png"
                }]
        }, 
        {
         "animation":[
                {
                 "duration":150,
                 "tileid":4
                }, 
                {
                 "duration":150,
                 "tileid":5
                }],
         "id":4,
         "image":"Checked_05.png",
         "imageheight":50,
         "imagewidth":50,
         "properties":[
                {
                 "name":"path",
                 "type":"string",
                 "value":".\/Checked_05.png"
                }]
        }, 
        {
         "animation":[
                {
                 "duration":150,
                 "tileid":5
                }, 
                {
                 "duration":150,
                 "tileid":4
                }],
         "id":5,
         "image":"Checked_06.png",
         "imageheight":50,
         "imagewidth":50,
         "properties":[
                {
                 "name":"path",
                 "type":"string",
                 "value":".\/Checked_06.png"
                }]
        }],
 "tilewidth":50,
 "type":"tileset",
 "version":"1.10"
}