{ "columns":0,
 "grid":
    {
     "height":1,
     "orientation":"orthogonal",
     "width":16
    },
 "margin":0,
 "name":"btnExit",
 "spacing":0,
 "tilecount":2,
 "tiledversion":"1.10.2",
 "tileheight":55,
 "tiles":[
        {
         "animation":[
                {
                 "duration":150,
                 "tileid":0
                }, 
                {
                 "duration":150,
                 "tileid":1
                }],
         "id":0,
         "image":"BtnExitNoOpacity.png",
         "imageheight":55,
         "imagewidth":55,
         "properties":[
                {
                 "name":"path",
                 "type":"string",
                 "value":".\/BtnExitNoOpacity.png"
                }]
        }, 
        {
         "animation":[
                {
                 "duration":150,
                 "tileid":1
                }, 
                {
                 "duration":150,
                 "tileid":0
                }],
         "id":1,
         "image":"BtnExitOpacity.png",
         "imageheight":55,
         "imagewidth":55,
         "properties":[
                {
                 "name":"path",
                 "type":"string",
                 "value":".\/BtnExitOpacity.png"
                }]
        }],
 "tilewidth":55,
 "type":"tileset",
 "version":"1.10"
}