{ "columns":0,
 "grid":
    {
     "height":1,
     "orientation":"orthogonal",
     "width":1
    },
 "margin":0,
 "name":"btnPanel",
 "properties":[
        {
         "name":"path",
         "type":"string",
         "value":".\/ButtonPanel.png"
        }],
 "spacing":0,
 "tilecount":1,
 "tiledversion":"1.10.2",
 "tileheight":41,
 "tiles":[
        {
         "id":0,
         "image":"ButtonPanel.png",
         "imageheight":41,
         "imagewidth":259
        }],
 "tilewidth":259,
 "type":"tileset",
 "version":"1.10"
}