{ "columns":0,
 "grid":
    {
     "height":1,
     "orientation":"orthogonal",
     "width":1
    },
 "margin":0,
 "name":"cellOcta",
 "spacing":0,
 "tilecount":3,
 "tiledversion":"1.10.2",
 "tileheight":192,
 "tiles":[
        {
         "id":0,
         "image":"CellBig_01.png",
         "imageheight":192,
         "imagewidth":191,
         "properties":[
                {
                 "name":"path",
                 "type":"string",
                 "value":".\/CellBig_01.png"
                }]
        }, 
        {
         "id":1,
         "image":"CellBig_02.png",
         "imageheight":192,
         "imagewidth":191,
         "properties":[
                {
                 "name":"path",
                 "type":"string",
                 "value":".\/CellBig_02.png"
                }]
        }, 
        {
         "id":2,
         "image":"CellBig_03.png",
         "imageheight":192,
         "imagewidth":191,
         "properties":[
                {
                 "name":"path",
                 "type":"string",
                 "value":".\/CellBig_03.png"
                }]
        }],
 "tilewidth":191,
 "type":"tileset",
 "version":"1.10"
}