{ "columns":0,
 "grid":
    {
     "height":1,
     "orientation":"orthogonal",
     "width":1
    },
 "margin":0,
 "name":"cell128x121",
 "properties":[
        {
         "name":"path",
         "type":"string",
         "value":".\/Cell125x121px.png"
        }],
 "spacing":0,
 "tilecount":1,
 "tiledversion":"1.10.2",
 "tileheight":121,
 "tiles":[
        {
         "id":0,
         "image":"Cell125x121px.png",
         "imageheight":121,
         "imagewidth":125
        }],
 "tilewidth":125,
 "type":"tileset",
 "version":"1.10"
}