{ "columns":0,
 "grid":
    {
     "height":16,
     "orientation":"orthogonal",
     "width":16
    },
 "margin":0,
 "name":"Btn_V01",
 "spacing":0,
 "tilecount":6,
 "tiledversion":"1.10.2",
 "tileheight":67,
 "tiles":[
        {
         "animation":[
                {
                 "duration":150,
                 "tileid":46
                }, 
                {
                 "duration":150,
                 "tileid":50
                }],
         "id":46,
         "image":"Btn_V01.png",
         "imageheight":67,
         "imagewidth":366,
         "properties":[
                {
                 "name":"path",
                 "type":"string",
                 "value":".\/Btn_V01.png"
                }]
        }, 
        {
         "animation":[
                {
                 "duration":150,
                 "tileid":47
                }, 
                {
                 "duration":150,
                 "tileid":51
                }],
         "id":47,
         "image":"Btn_V02.png",
         "imageheight":67,
         "imagewidth":366,
         "properties":[
                {
                 "name":"path",
                 "type":"string",
                 "value":".\/Btn_V02.png"
                }]
        }, 
        {
         "animation":[
                {
                 "duration":150,
                 "tileid":48
                }, 
                {
                 "duration":150,
                 "tileid":49
                }],
         "id":48,
         "image":"Btn_V03.png",
         "imageheight":67,
         "imagewidth":366,
         "properties":[
                {
                 "name":"path",
                 "type":"string",
                 "value":".\/Btn_V03.png"
                }]
        }, 
        {
         "id":49,
         "image":"Btn_V04.png",
         "imageheight":67,
         "imagewidth":366,
         "properties":[
                {
                 "name":"path",
                 "type":"string",
                 "value":".\/Btn_V04.png"
                }]
        }, 
        {
         "id":50,
         "image":"Btn_V05.png",
         "imageheight":67,
         "imagewidth":366,
         "properties":[
                {
                 "name":"path",
                 "type":"string",
                 "value":".\/Btn_V05.png"
                }]
        }, 
        {
         "id":51,
         "image":"Btn_V06.png",
         "imageheight":67,
         "imagewidth":366,
         "properties":[
                {
                 "name":"path",
                 "type":"string",
                 "value":".\/Btn_V06.png"
                }]
        }],
 "tilewidth":366,
 "type":"tileset",
 "version":"1.10"
}