{ "columns":0,
 "grid":
    {
     "height":16,
     "orientation":"orthogonal",
     "width":16
    },
 "margin":0,
 "name":"panelWindow",
 "properties":[
        {
         "name":"path",
         "type":"string",
         "value":".\/PanelWindow.png"
        }],
 "spacing":0,
 "tilecount":1,
 "tiledversion":"1.10.2",
 "tileheight":380,
 "tiles":[
        {
         "id":0,
         "image":"PanelWindow.png",
         "imageheight":380,
         "imagewidth":568,
         "properties":[
                {
                 "name":"path",
                 "type":"string",
                 "value":".\/PanelWindow.png"
                }]
        }],
 "tilewidth":568,
 "type":"tileset",
 "version":"1.10"
}