{ "columns":0,
 "grid":
    {
     "height":1,
     "orientation":"orthogonal",
     "width":1
    },
 "margin":0,
 "name":"panelWindow04",
 "properties":[
        {
         "name":"path",
         "type":"string",
         "value":".\/Window04.png"
        }],
 "spacing":0,
 "tilecount":1,
 "tiledversion":"1.10.2",
 "tileheight":449,
 "tiles":[
        {
         "id":0,
         "image":"Window04.png",
         "imageheight":449,
         "imagewidth":692
        }],
 "tilewidth":692,
 "type":"tileset",
 "version":"1.10"
}