{ "columns":0,
 "grid":
    {
     "height":1,
     "orientation":"orthogonal",
     "width":1
    },
 "margin":0,
 "name":"PanelWindow1",
 "properties":[
        {
         "name":"path",
         "type":"string",
         "value":".\/Window01.png"
        }],
 "spacing":0,
 "tilecount":1,
 "tiledversion":"1.10.2",
 "tileheight":563,
 "tiles":[
        {
         "id":0,
         "image":"Window01.png",
         "imageheight":563,
         "imagewidth":814
        }],
 "tilewidth":814,
 "type":"tileset",
 "version":"1.10"
}