{ "columns":4,
 "image":"PanelCells528x653px.png",
 "imageheight":653,
 "imagewidth":528,
 "margin":0,
 "name":"panelCells",
 "properties":[
        {
         "name":"path",
         "type":"string",
         "value":".\/PanelCells528x653px.png"
        }],
 "spacing":0,
 "tilecount":20,
 "tiledversion":"1.10.2",
 "tileheight":130,
 "tiles":[
        {
         "animation":[
                {
                 "duration":100,
                 "tileid":0
                }, 
                {
                 "duration":100,
                 "tileid":4
                }, 
                {
                 "duration":100,
                 "tileid":8
                }, 
                {
                 "duration":100,
                 "tileid":12
                }, 
                {
                 "duration":100,
                 "tileid":16
                }],
         "id":0
        }, 
        {
         "animation":[
                {
                 "duration":100,
                 "tileid":1
                }, 
                {
                 "duration":100,
                 "tileid":5
                }, 
                {
                 "duration":100,
                 "tileid":9
                }, 
                {
                 "duration":100,
                 "tileid":13
                }, 
                {
                 "duration":100,
                 "tileid":17
                }],
         "id":1
        }, 
        {
         "animation":[
                {
                 "duration":100,
                 "tileid":2
                }, 
                {
                 "duration":100,
                 "tileid":6
                }, 
                {
                 "duration":100,
                 "tileid":10
                }, 
                {
                 "duration":100,
                 "tileid":14
                }, 
                {
                 "duration":100,
                 "tileid":18
                }],
         "id":2
        }, 
        {
         "animation":[
                {
                 "duration":100,
                 "tileid":3
                }, 
                {
                 "duration":100,
                 "tileid":7
                }, 
                {
                 "duration":100,
                 "tileid":11
                }, 
                {
                 "duration":100,
                 "tileid":15
                }, 
                {
                 "duration":100,
                 "tileid":19
                }],
         "id":3
        }, 
        {
         "animation":[
                {
                 "duration":100,
                 "tileid":16
                }, 
                {
                 "duration":100,
                 "tileid":12
                }, 
                {
                 "duration":100,
                 "tileid":8
                }, 
                {
                 "duration":100,
                 "tileid":4
                }, 
                {
                 "duration":100,
                 "tileid":0
                }],
         "id":16
        }, 
        {
         "animation":[
                {
                 "duration":100,
                 "tileid":17
                }, 
                {
                 "duration":100,
                 "tileid":13
                }, 
                {
                 "duration":100,
                 "tileid":9
                }, 
                {
                 "duration":100,
                 "tileid":5
                }, 
                {
                 "duration":100,
                 "tileid":1
                }],
         "id":17
        }, 
        {
         "animation":[
                {
                 "duration":100,
                 "tileid":18
                }, 
                {
                 "duration":100,
                 "tileid":14
                }, 
                {
                 "duration":100,
                 "tileid":10
                }, 
                {
                 "duration":100,
                 "tileid":6
                }, 
                {
                 "duration":100,
                 "tileid":2
                }],
         "id":18
        }, 
        {
         "animation":[
                {
                 "duration":100,
                 "tileid":19
                }, 
                {
                 "duration":100,
                 "tileid":15
                }, 
                {
                 "duration":100,
                 "tileid":11
                }, 
                {
                 "duration":100,
                 "tileid":7
                }, 
                {
                 "duration":100,
                 "tileid":3
                }],
         "id":19
        }],
 "tilewidth":130,
 "type":"tileset",
 "version":"1.10"
}