{ "columns":0,
 "grid":
    {
     "height":16,
     "orientation":"orthogonal",
     "width":16
    },
 "margin":0,
 "name":"panelWindow3",
 "properties":[
        {
         "name":"path",
         "type":"string",
         "value":".\/Window03.png"
        }],
 "spacing":0,
 "tilecount":1,
 "tiledversion":"1.10.2",
 "tileheight":655,
 "tiles":[
        {
         "id":0,
         "image":"Window03.png",
         "imageheight":655,
         "imagewidth":812
        }],
 "tilewidth":812,
 "type":"tileset",
 "version":"1.10"
}