{ "columns":0,
 "grid":
    {
     "height":1,
     "orientation":"orthogonal",
     "width":1
    },
 "margin":0,
 "name":"panel1",
 "spacing":0,
 "tilecount":4,
 "tiledversion":"1.10.2",
 "tileheight":975,
 "tiles":[
        {
         "animation":[
                {
                 "duration":150,
                 "tileid":2
                }, 
                {
                 "duration":150,
                 "tileid":0
                }, 
                {
                 "duration":150,
                 "tileid":3
                }, 
                {
                 "duration":150,
                 "tileid":1
                }],
         "id":0,
         "image":"Panel1_NoOpacity592x975px.png",
         "imageheight":975,
         "imagewidth":592,
         "properties":[
                {
                 "name":"path",
                 "type":"string",
                 "value":".\/Panel1_NoOpacity592x975px.png"
                }]
        }, 
        {
         "animation":[
                {
                 "duration":150,
                 "tileid":1
                }, 
                {
                 "duration":150,
                 "tileid":3
                }, 
                {
                 "duration":150,
                 "tileid":0
                }, 
                {
                 "duration":150,
                 "tileid":2
                }],
         "id":1,
         "image":"Panel1_Opacity592x975px.png",
         "imageheight":975,
         "imagewidth":592,
         "properties":[
                {
                 "name":"path",
                 "type":"string",
                 "value":"\/Panel1_Opacity592x975px.png"
                }]
        }, 
        {
         "id":2,
         "image":"Panel2_NoOpacity591x975px.png",
         "imageheight":975,
         "imagewidth":591,
         "properties":[
                {
                 "name":"path",
                 "type":"string",
                 "value":".\/Panel2_NoOpacity591x975px.png"
                }]
        }, 
        {
         "id":3,
         "image":"Panel2_Opacity591x975px.png",
         "imageheight":975,
         "imagewidth":591,
         "properties":[
                {
                 "name":"path",
                 "type":"string",
                 "value":".\/Panel2_Opacity591x975px.png"
                }]
        }],
 "tilewidth":592,
 "type":"tileset",
 "version":"1.10"
}