{ "columns":0,
 "grid":
    {
     "height":16,
     "orientation":"orthogonal",
     "width":16
    },
 "margin":0,
 "name":"PanelWindow2",
 "properties":[
        {
         "name":"path",
         "type":"string",
         "value":".\/Window02.png"
        }],
 "spacing":0,
 "tilecount":1,
 "tiledversion":"1.10.2",
 "tileheight":336,
 "tiles":[
        {
         "id":0,
         "image":"Window02.png",
         "imageheight":336,
         "imagewidth":758
        }],
 "tilewidth":758,
 "type":"tileset",
 "version":"1.10"
}