{ "columns":0,
 "grid":
    {
     "height":16,
     "orientation":"orthogonal",
     "width":16
    },
 "margin":0,
 "name":"window_minimize",
 "properties":[
        {
         "name":"path",
         "type":"string",
         "value":".\/Window03_Minimize.png"
        }],
 "spacing":0,
 "tilecount":1,
 "tiledversion":"1.10.2",
 "tileheight":33,
 "tiles":[
        {
         "id":0,
         "image":"Window03_Minimize.png",
         "imageheight":33,
         "imagewidth":32
        }],
 "tilewidth":32,
 "type":"tileset",
 "version":"1.10"
}