{ "columns":0,
 "grid":
    {
     "height":16,
     "orientation":"orthogonal",
     "width":16
    },
 "margin":0,
 "name":"window03_btn",
 "properties":[
        {
         "name":"path",
         "type":"string",
         "value":".\/Window03_Btn.png"
        }],
 "spacing":0,
 "tilecount":1,
 "tiledversion":"1.10.2",
 "tileheight":48,
 "tiles":[
        {
         "id":0,
         "image":"Window03_Btn.png",
         "imageheight":48,
         "imagewidth":150
        }],
 "tilewidth":150,
 "type":"tileset",
 "version":"1.10"
}